sku,name,price,sold
85123A,White Hanging Heart T-Light Holder,2.95,58487
84077,World War 2 Gliders Asstd Designs,0.21,55091
17003,Brocade Ring Purse,0.21,48374
21212,Pack Of 72 Retro Spot Cake Cases,0.55,46755
84879,Assorted Colour Bird Ornament,1.69,45348
84991,60 Teatime Fairy Cake Cases,0.55,36502
21977,Pack Of 60 Pink Paisley Cake Cases,0.55,31940
85099B,Jumbo Bag Red Retrospot,1.95,30386
22197,Small Popcorn Holder,0.85,29788
21232,Strawberry Ceramic Trinket Box,1.25,27127
37410,Black And White Paisley Flower Mug,1.25,25707
21213,Pack Of 72 Skull Cake Cases,0.55,25557
21982,Pack Of 12 Suki Tissues,0.29,25215
84568,Girls Alphabet Iron On Patches,0.43,24692
84755,Colour Glass T-Light Holder Hanging,0.65,24390
84347,Rotating Silver Angels T-Light Hldr,2.55,23049
84270,Asstd Design Bubble Gum Ring,0.21,22996
21980,Pack Of 12 Red Spotty Tissues,0.29,22723
84992,72 Sweetheart Fairy Cake Cases,0.55,22078
21984,Pack Of 12 Pink Paisley Tissues,0.29,22036
21981,Pack Of 12 Woodland Tissues,0.29,20990
15036,Assorted Colours Silk Fan,0.75,20539
71459,Hanging Jam Jar T-Light Holder,0.85,19972
85099F,Jumbo Bag Strawberry,1.95,19851
21975,Pack Of 60 Dinosaur Cake Cases,0.55,19235
84598,Boys Alphabet Iron On Patches,0.43,18824
84946,Antique Silver Tea Glass Etched,1.25,18818
20725,Lunch Bag Red Spotty,1.65,17943
84970S,Hanging Heart Zinc T-Light Holder,0.85,17939
22492,Mini Paint Set Vintage,0.65,17772
85099C,Jumbo  Bag Baroque Black White,1.95,17327
22086,Paper Chain Kit 50'S Christmas,2.95,17226
16014,Small Chinese Style Scissor,0.42,17042
21985,Pack Of 12 Hearts Design Tissues,0.29,16905
22178,Victorian Glass Hanging T-Light,1.25,16444
21915,Red  Harmonica In Box,1.25,16258
21931,Jumbo Storage Bag Suki,1.95,15849
21731,Red Toadstool Led Night Light,1.65,15706
21080,Set/20 Red Spotty Paper Napkins,0.85,15698
22411,Jumbo Shopper Vintage Red Paisley,1.95,15130
21929,Jumbo Bag Pink Vintage Paisley,1.95,14947
21088,Set/6 Fruit Salad Paper Cups,0.65,14937
20727,Lunch Bag  Black Skull.,1.65,14886
21096,Set/6 Fruit Salad  Paper Plates,0.85,14665
84212,"Assorted Flower Colour ""Leis""",0.65,14486
21928,Jumbo Bag Scandinavian Paisley,1.95,14307
84836,Zinc Metal Heart Decoration,1.25,14307
16033,Mini Highlighter Pens,0.12,14281
22386,Jumbo Bag Pink With White Spots,1.95,14213
72741,Grand Chocolatecandle,1.45,14200
85099B,Jumbo Bag Red White Spotty,1.95,14071
22616,Pack Of 12 London Tissues,0.29,14028
21085,Set/6 Woodland Paper Cups,0.65,13732
21231,Sweetheart Ceramic Trinket Box,1.25,13704
21091,Set/6 Woodland Paper Plates,0.85,13700
22423,Regency Cakestand 3 Tier,12.75,13698
21790,Vintage Snap Cards,0.85,13414
20972,Pink Cream Felt Craft Trinket Box,1.25,13399
21099,Set/6 Strawberry Paper Cups,0.65,13388
21212,Pack Of 72 Retrospot Cake Cases,0.55,13386
22417,Pack Of 60 Spaceboy Cake Cases,0.55,13215
20728,Lunch Bag Cars Blue,1.65,13075
21092,Set/6 Strawberry Paper Plates,0.85,12846
22151,Place Setting White Heart,0.42,12747
21498,Red Spots  Wrap,0.42,12700
22952,60 Cake Cases Vintage Christmas,0.55,12689
22383,Lunch Bag Suki  Design,1.65,12499
20726,Lunch Bag Woodland,1.65,12408
85220,Small Fairy Cake Fridge Magnets,1.45,12236
21704,Bag 250G Swirly Marbles,0.85,12160
84945,Multi Colour Silver T-Light Holder,0.85,12105
22585,Pack Of 6 Birdy Gift Tags,1.25,12101
20719,Woodland Charlotte Bag,0.85,11637
20971,Pink Blue Felt Craft Trinket Box,1.25,11628
22294,Heart Filigree Dove  Small,1.25,11593
84970L,Single Heart Zinc T-Light Holder,0.95,11572
20724,Red Spotty Charlotte Bag,0.85,11571
84692,Box Of 24 Cocktail Parasols,0.42,11559
85110,Black Silver Flower T-Light Holder,0.85,11520
21094,Set/6 Red Spotty Paper Plates,0.85,11403
37340,Multicolour Spring Flower Mug,8.47,11136
22469,Heart Of Wicker Small,1.65,11066
20993,Jazz Hearts Memo Pad,0.85,10967
16156S,Wrap Pink Fairy Cakes,0.42,10961
21181,Please One Person Metal Sign,2.1,10943
21791,Vintage Heads And Tails Card Game,1.25,10696
21967,Pack Of 12 Skull Tissues,0.29,10642
16047,Pop Art Pen Case & Pens,0.85,10614
85175,Cacti T-Light Candles,0.42,10569
20914,Set/5 Red Spotty Lid Glass Bowls,2.95,10430
40016,Chinese Dragon Paper Lanterns,0.42,10138
22355,Charlotte Bag Suki Design,0.85,10131
21733,Red Hanging Heart T-Light Holder,2.95,10117
47566,Party Bunting,4.65,10083
22189,Cream Heart Card Holder,3.95,10072
16046,Teatime Pen Case & Pens,0.85,9993
22297,Heart Ivory Trellis Small,1.25,9810
21086,Set/6 Red Spotty Paper Cups,0.65,9766
21166,Cook With Wine Metal Sign,1.95,9764
20713,Jumbo Bag Owls,1.95,9755
21976,Pack Of 60 Mushroom Cake Cases,0.55,9588
22444,Grow Your Own Plant In A Can,1.25,9580
84978,Hanging Heart Jar T-Light Holder,1.25,9391
22382,Lunch Bag Spaceboy Design,1.65,9350
22379,Recycling Bag Retrospot,2.1,9165
21497,Fancy Fonts Birthday Wrap,0.42,9025
22910,Paper Chain Kit Vintage Christmas,2.95,8993
71477,Colour Glass. Star T-Light Holder,3.25,8977
20668,Disco Ball Christmas Decoration,0.12,8937
22384,Lunch Bag Pink Retrospot,1.65,8932
82494L,Wooden Frame Antique White,2.95,8896
22029,Spaceboy Birthday Card,0.42,8875
85160A,White Bird Garden Design Mug,1.25,8810
21877,Home Sweet Home Mug,1.25,8769
22909,Set Of 20 Vintage Christmas Napkins,0.85,8719
20723,Strawberry Charlotte Bag,0.85,8687
21175,Gin + Tonic Diet Metal Sign,2.1,8680
22470,Heart Of Wicker Large,2.95,8650
35961,Folkart Zinc Heart Christmas Dec,0.85,8564
22385,Jumbo Bag Spaceboy Design,1.95,8556
21829,Dinosaur Keyrings Assorted,0.21,8396
22077,6 Ribbons Rustic Charm,1.65,8386
22534,Magic Drawing Slate Spaceboy,0.42,8375
85152,Hand Over The Chocolate   Sign,2.1,8373
22489,Pack Of 12 Traditional Crayons,0.42,8355
21986,Pack Of 12 Pink Spot Tissues,0.29,8325
85184D,S/4 Blue Round Decoupage Boxes,2.95,8312
21137,Black Record Cover Frame,3.75,8298
22090,Paper Bunting Retro Spots,2.95,8296
20975,12 Pencils Small Tube Red Spotty,0.65,8225
82482,Wooden Picture Frame White Finish,2.55,8192
20712,Jumbo Bag Woodland Animals,1.95,8184
17084R,Assorted Incense Pack,0.21,8105
79000,Moroccan Tea Glass,0.85,8096
16162L,The King Gift Bag,0.65,8081
10002,Inflatable Political Globe,0.85,7976
21500,Pink Spots  Wrap,0.42,7850
20711,Jumbo Bag Toys,1.95,7831
21326,Aged Glass Silver T-Light Holder,0.65,7773
22328,Round Snack Boxes Set Of 4 Fruits,2.95,7705
22551,Plasters In Tin Spaceboy,1.65,7697
22130,Party Cone Christmas Decoration,0.85,7695
22556,Plasters In Tin Circus Parade,1.65,7679
21210,Set Of 72 Retro Spot Paper  Doilies,1.45,7671
22188,Black Heart Card Holder,3.95,7613
22083,Paper Chain Kit Retro Spot,2.95,7582
21918,Set 12 Kids Colour  Chalk Sticks,0.42,7547
82580,Bathroom Metal Sign,0.55,7517
22030,Swallows Greeting Card,0.42,7508
84947,Antique Silver Tea Glass Engraved,1.25,7493
84949,Silver Hanging T-Light Holder,1.65,7485
15056N,Edwardian Parasol Natural,5.95,7416
21314,Small Glass Heart Trinket Pot,2.1,7406
22045,Spaceboy Gift Wrap,0.42,7340
84050,Pink Heart Shape Egg Frying Pan,1.65,7295
21930,Jumbo Storage Bag Skulls,1.95,7207
22866,Hand Warmer Scotty Dog Design,2.1,7140
22348,Tea Bag Plate Red Spotty,0.85,7131
21390,Filigris Heart With Butterfly,1.25,7119
21385,Ivory Hanging Decoration  Heart,0.85,7109
21082,Set/20 Fruit Salad Paper Napkins,0.85,7099
20991,Jazz Hearts Magnetic Memo Pad,0.9650000000000001,7084
22027,Tea Party Birthday Card,0.42,7067
84029E,Red Woolly Hottie White Heart.,3.75,7065
22326,Round Snack Boxes Set Of4 Woodland,2.95,7064
20718,Red Spotty Shopper Bag,1.25,7059
22865,Hand Warmer Owl Design,2.1,7059
22560,Traditional Modelling Clay,1.25,7058
22867,Hand Warmer Bird Design,2.1,7012
22629,Spaceboy Lunch Box,1.95,6963
22147,Feltcraft Butterfly Hearts,1.45,6945
84520B,Pack 20 English Rose Paper Napkins,0.85,6911
82600,No Singing Metal Sign,2.1,6894
75049L,Large Circular Mirror Mobile,1.25,6879
22149,Feltcraft 6 Flower Friends,2.1,6844
47503E,Ass Floral Print Scissors,1.25,6842
21889,Wooden Box Of Dominoes,1.25,6829
22296,Heart Ivory Trellis Large,1.65,6818
15056BL,Edwardian Parasol Black,5.95,6802
21868,Potting Shed Tea Mug,1.25,6776
22114,Hot Water Bottle Tea And Sympathy,3.95,6715
22457,Natural Slate Heart Chalkboard,2.95,6599
21121,Set/10 Red Spotty Party Candles,1.25,6570
22630,Dolly Girl Lunch Box,1.95,6570
22734,Set Of 6 Ribbons Vintage Christmas,2.55,6563
21916,Set 12 Retro White Chalk Sticks,0.42,6554
79321,Chilli Lights,4.95,6534
20974,12 Pencils Small Tube Skull,0.65,6528
22530,Magic Drawing Slate Dolly Girl,0.42,6451
22335,Heart Decoration Painted Zinc,0.65,6370
21499,Blue Spots  Wrap,0.42,6350
21506,"Fancy Font Birthday Card,",0.42,6344
21871,Save The Planet Mug,1.25,6244
22595,Christmas Gingham Heart,0.85,6223
16044,Pop-Art Fluorescent Pens,0.42,6193
21672,White Spot Red Ceramic Drawer Knob,1.25,6188
21989,Pack Of 20 Skull Paper Napkins,0.85,6172
22418,10 Colour Spaceboy Pen,0.85,6144
21908,Chocolate This Way Metal Sign,2.1,6092
37423,White With Black Cats Plate,1.66,6090
16161P,Wrap English Rose,0.42,6072
85160B,Black Bird Garden Design Mug,1.25,6049
22554,Plasters In Tin Woodland Animals,1.65,6041
22158,3 Hearts Hanging Decoration Rustic,2.95,5980
16237,Sleeping Cat Erasers,0.21,5944
21136,Painted Metal Pears Assorted,1.69,5943
22295,Heart Filigree Dove Large,1.65,5933
22557,Plasters In Tin Vintage Paisley,1.65,5899
22561,Wooden School Colouring Set,1.65,5890
21673,White Spot Blue Ceramic Drawer Knob,1.25,5881
22528,Gardeners Kneeling Pad,1.25,5830
21122,Set/10 Pink Spotty Party Candles,1.25,5796
22219,Lovebird Hanging Decoration White,0.85,5796
82583,Hot Baths Metal Sign,2.1,5784
22198,Large Popcorn Holder,1.65,5772
20759,Chrysanthemum Pocket Book,0.85,5718
20756,Green Fern Pocket Book,0.85,5671
22555,Plasters In Tin Strongman,1.65,5654
21174,Pottering In The Shed Metal Sign,1.95,5634
22558,Clothes Pegs Retrospot Pack 24,1.25,5592
20973,12 Pencil Small Tube Woodland,0.65,5560
22111,Scottie Dog Hot Water Bottle,4.95,5552
18007,Essential Balm 3.5G Tin In Envelope,0.18,5540
22740,Polkadot Pen,0.85,5538
21988,Pack Of 6 Skull Paper Plates,0.85,5534
22112,Chocolate Hot Water Bottle,4.95,5531
20760,Garden Path Pocket Book,0.85,5486
21669,Blue Stripe Ceramic Drawer Knob,1.25,5478
21830,Assorted Creepy Crawlies,0.42,5450
84378,Set Of 3 Heart Cookie Cutters,1.25,5434
21914,Blue Harmonica In Box,1.25,5432
85099B,Red Retrospot Jumbo Bag,1.95,5418
21703,Bag 125G Swirly Marbles,0.42,5407
37351,Orange Flower Mug,1.25,5394
84406B,Cream Cupid Hearts Coat Hanger,3.25,5368
22659,Lunch Box I Love London,1.95,5345
21098,Christmas Toilet Roll,1.25,5307
21165,Beware Of The Cat Metal Sign,1.69,5294
20758,Abstract Circles Pocket Book,0.85,5279
21186,White Dove Honeycomb Paper Garland,1.65,5275
20729,Red Spotty Candy Bag,1.25,5262
37424,White With Black Cats Mug,1.66,5251
21481,Fawn Blue Hot Water Bottle,2.95,5244
21900,"Key Fob , Shed",0.65,5238
84670,Japanese Crocheted Animal,0.42,5223
20757,Red Daisy Pocket Book,0.85,5208
21671,Red Spot Ceramic Drawer Knob,1.25,5169
62018,Sombrero,1.95,5155
22646,Ceramic Strawberry Cake Money Bank,1.45,5141
84987,Set Of 36 Teatime Paper Doilies,1.45,5101
21509,Cowboys And Indians Birthday Card,0.42,5076
22652,Travel Sewing Kit,1.65,5067
21754,Home Building Block Word,5.95,5067
82484,Wood Black Board Ant White Finish,6.45,5034
22544,Mini Jigsaw Spaceboy,0.42,5024
21507,"Elephant, Birthday Card,",0.42,4990
21870,I Can Only Please One Person Mug,1.25,4983
22064,Pink Doughnut Trinket Pot,1.65,4977
21668,Red Stripe Ceramic Drawer Knob,1.25,4936
37370,Retro Coffee Mugs Assorted,1.25,4933
21124,Set/10 Blue Spotty Party Candles,1.25,4905
22047,Empire Gift Wrap,0.42,4875
22959,Wrap Christmas Village,0.42,4875
20755,Blue Paisley Pocket Book,0.85,4855
22945,Christmas Metal Tags Assorted,0.85,4854
84971S,Small Heart Flowers Hook,0.85,4850
21429,Red Gingham Rose Jewellery Box,1.65,4849
21974,Set Of 36 Paisley Flower Doilies,1.45,4840
22082,Ribbon Reel Stripes Design,1.65,4822
21875,Kings Choice Mug,1.25,4805
21892,Traditional Wooden Catch Cup Game,1.25,4776
21238,Red Spotty Cup,0.85,4767
22536,Magic Drawing Slate Purdey,0.42,4766
21700,Big Doughnut Fridge Magnets,0.85,4744
22531,Magic Drawing Slate Circus Parade,0.42,4738
84380,Set Of 3 Butterfly Cookie Cutters,1.25,4735
21787,Rain Poncho With Red Spots,0.85,4728
22633,Hand Warmer Union Jack,2.1,4677
37352,Bird In Tree Mug,1.25,4643
20676,Red Spotty Bowl,1.25,4630
21670,Blue Spot Ceramic Drawer Knob,1.25,4627
82581,Toilet Metal Sign,0.55,4624
22464,Hanging Metal Heart Lantern,1.65,4589
22381,Toy Tidy Pink Retrospot,2.1,4558
20679,Edwardian Parasol Red,5.95,4549
17109B,Flower Fairy Incense Lavender,1.69,4542
21169,You'Re Confusing Me Metal Sign,1.69,4517
15044A,Pink Paper Parasol,2.95,4506
21067,Vintage Red Teatime Mug,1.25,4481
85150,Ladies & Gentlemen Metal Sign,2.55,4480
21901,"Key Fob , Back Door",0.65,4468
21078,Set/20 Strawberry Paper Napkins,0.85,4462
21786,Rain Hat With Red Spots,0.42,4461
22356,"Charlotte Bag , Pink/White Spots",0.85,4455
22139,Retro Spot Tea Set Ceramic 11 Pc,4.95,4447
22087,Paper Bunting White Lace,2.95,4443
22138,Baking Set 9 Piece Retrospot,4.95,4435
22602,Christmas Retrospot Heart Wood,0.85,4426
21114,Lavender Scented Fabric Heart,1.25,4417
22355,"Charlotte Bag , Suki Design",0.85,4409
84950,Assorted Colour T-Light Holder,0.85,4396
47504E,English Rose Scissors,1.25,4387
84997D,Pink 3 Piece Mini Dots Cutlery Set,3.75,4358
22356,Charlotte Bag Pink With White Spots,0.85,4349
22952,72 Cake Cases Vintage Christmas,0.55,4346
22467,Gumball Coat Rack,2.55,4336
21987,Pack Of 6 Skull Paper Cups,0.65,4325
16053,Popart Col Ballpoint Pen Asst,0.21,4313
21508,Vintage Kid Dolly Card,0.42,4312
21164,Home Sweet Home Metal Sign,2.95,4290
85061W,White Jewelled Heart Decoration,0.85,4276
84990,60 Gold And Silver Fairy Cake Cases,0.55,4274
21172,Party Metal Sign,1.45,4269
22150,3 Stripey Mice Feltcraft,1.95,4247
22154,Angel Decoration 3 Buttons,0.42,4237
84997B,Red 3 Piece Mini Dots Cutlery Set,3.75,4209
85109,Pink Boudoir T-Light Holder,0.85,4199
21519,Gin & Tonic Diet Greeting Card,0.42,4183
22386,Jumbo Bag Pink Polkadot,1.95,4162
21621,Vintage Union Jack Bunting,8.5,4156
21544,Skulls  Water Transfer Tattoos,0.85,4156
21891,Traditional Wooden Skipping Rope,1.25,4137
22156,Heart Decoration With Pearls,0.85,4129
22046,Tea Party  Wrapping Paper,0.42,4125
22632,Hand Warmer Red Retrospot,2.1,4124
21899,"Key Fob , Garage Design",0.65,4120
22759,Set Of 3 Notebooks In Parcel,1.65,4096
84988,Set Of 72 Pink Heart Paper Doilies,1.45,4092
20731,Posy Candy Bag,1.25,4051
82552,Washroom Metal Sign,1.25,4030
84029G,Knitted Union Flag Hot Water Bottle,3.75,4020
84997C,Blue 3 Piece Mini Dots Cutlery Set,3.75,3975
21983,Pack Of 12 Blue Paisley Tissues,0.29,3974
84832,Zinc Willie Winkie  Candle Stick,0.85,3954
21498,Red Retrospot Wrap,0.42,3950
22152,Place Setting White Star,0.42,3949
21623,Vintage Union Jack Memoboard,9.95,3928
21917,Set 12 Kids  White Chalk Sticks,0.42,3926
22023,Empire Birthday Card,0.42,3894
22155,Star Decoration Rustic,0.42,3878
22196,Small Heart Measuring Spoons,0.85,3869
72756,Fairy Cake Candles,1.49,3868
21833,Camouflage Led Torch,1.69,3837
21872,Glamorous  Mug,1.25,3829
21392,Red Spotty Pudding Bowl,2.1,3828
22537,Magic Drawing Slate Dinosaur,0.42,3827
72008,Frosted Box 9 White T-Light Candles,0.42,3820
20975,12 Pencils Small Tube Red Retrospot,0.65,3820
21935,Suki  Shoulder Bag,1.65,3816
22553,Plasters In Tin Skulls,1.65,3815
21679,Skulls  Stickers,0.85,3815
85198,Assorted Farmyard Animals In Bucket,0.85,3781
48138,Door Mat Union Flag,7.49,3780
22540,Mini Jigsaw Circus Parade,0.42,3767
22488,Natural Slate Rectangle Chalkboard,1.65,3758
21755,Love Building Block Word,5.95,3740
22437,Set Of 9 Black Skull Balloons,0.85,3736
72351B,Set/6 Pink  Butterfly T-Lights,2.1,3723
22419,Lipstick Pen Red,0.42,3720
21156,Retrospot Childrens Apron,1.95,3718
17039,Inlaid Wood Incense Holder,0.29,3707
17096,Assorted Laquered Incense Holders,0.43,3698
21239,Pink  Spotty Cup,0.85,3694
22084,Paper Chain Kit Empire,2.95,3690
21392,Red Polkadot Pudding Bowl,2.1,3686
22380,Toy Tidy Spaceboy,2.1,3682
15034,Paper Pocket Traveling Fan,0.14,3675
85049E,Scandinavian Reds Ribbons,1.25,3658
22571,Rocking Horse Red Christmas,0.85,3650
21281,Vintage Kitchen Print Seafood,2.55,3646
20778,Garden Path Notebook,1.65,3601
22491,Pack Of 12 Coloured Pencils,0.85,3595
47599A,Pink Party Bags,2.1,3590
84375,Set Of 20 Kids Cookie Cutters,1.95,3588
82578,Kitchen Metal Sign,0.55,3585
20677,Pink Spotty Bowl,1.25,3583
22704,Wrap Red Apples,0.42,3575
22055,Mini Cake Stand  Hanging Strawbery,1.65,3568
85221,Assorted Colour Silk Coin Purse,1.25,3558
21313,Glass Heart T-Light Holder,0.85,3553
22593,Christmas Gingham Star,0.85,3547
20829,Glitter Hanging Butterfly String,2.1,3535
22329,Round Container Set Of 5 Retrospot,1.65,3534
22577,Wooden Heart Christmas Scandinavian,0.85,3519
21874,Gin And Tonic Mug,1.25,3508
20777,Chrysanthemum Notebook,1.65,3500
22549,Picture Dominoes,1.45,3499
85199S,Small Hanging Ivory/Red Wood Bird,0.42,3489
22041,"Record Frame 7"" Single Size",2.55,3487
20717,Strawberry Shopper Bag,1.25,3485
21902,"Key Fob , Front  Door",0.65,3482
21071,Vintage Billboard Drink Me Mug,1.25,3480
20775,Daisy Notebook,1.65,3476
22620,4 Traditional Spinning Tops,1.25,3467
85014B,Red/White Dots Ruffled Umbrella,5.95,3457
21590,Kings Choice Cigar Box Matches,1.25,3456
47566B,Tea Time Party Bunting,4.65,3456
22245,"Hook, 1 Hanger ,Magic Garden",0.85,3454
47590B,Pink Happy Birthday Bunting,5.45,3451
22333,Retro Sport Party Bag + Sticker Set,1.65,3448
20725,Lunch Bag Red Retrospot,1.65,3446
21279,Vintage Kitchen Print Fruits,2.55,3445
47591D,Pink Fairy Cake Child'S Apron,1.95,3440
20774,Green Fern Notebook,1.65,3407
22645,Ceramic Heart Fairy Cake Money Bank,1.45,3400
21495,Skulls Wrap,0.42,3400
22816,Card Motorbike Santa,0.42,3399
20979,36 Pencils Tube Red Spotty,1.25,3395
21240,Blue  Spotty Cup,0.85,3395
35970,Zinc Folkart Sleigh Bells,1.69,3377
21622,Vintage Union Jack Cushion Cover,4.95,3359
22028,Penny Farthing Birthday Card,0.42,3354
20828,Glitter Butterfly Clips,2.55,3351
16161U,"Wrap,Suki And Friends",0.42,3350
21242,Red Spotty Plate,1.69,3350
22662,Lunch Bag Dolly Girl Design,1.65,3345
22567,20 Dolly Pegs Retrospot,1.25,3340
21381,Mini Wooden Happy Birthday Garland,1.69,3334
85049A,Traditional Christmas Ribbons,1.25,3332
22812,Pack 3 Boxes Christmas Pannetone,1.95,3331
21495,Skulls And Crossbones Wrap,0.42,3315
20773,Blue Paisley Notebook,1.65,3301
22694,Wicker Star,2.1,3290
17033,"Brocade Purse,Small Arch Button",0.29,3280
22131,Food Container Set 3 Love Heart,1.95,3278
22413,Metal Sign Take It Or Leave It,2.95,3271
11001,Asstd Design Racing Car Pen,1.69,3270
82582,Area Patrolled Metal Sign,2.1,3270
21280,Vintage Kitchen Print Vegetables,2.55,3268
22153,Angel Decoration Stars On Dress,0.42,3265
22600,Christmas Retrospot Star Wood,0.85,3261
22271,Feltcraft Doll Rosie,2.95,3260
20776,Abstract Circles Notebook,1.65,3259
22699,Roses Regency Teacup And Saucer,2.95,3252
22195,Large Heart Measuring Spoons,1.65,3216
22037,Robot Birthday Card,0.42,3215
21135,Victorian  Metal Postcard Spring,1.69,3210
21069,Vintage Billboard Tea Mug,1.25,3207
22197,"Popcorn Holder , Small",0.85,3189
37448,Ceramic Cake Design Spotted Mug,1.49,3184
22563,Happy Stencil Craft,1.25,3181
47503K,Assorted Floral Secateurs,1.95,3179
22079,Ribbon Reel Hearts Design,1.65,3169
22243,"Hook, 5 Hanger ,Magic Toadstool Red",1.65,3156
47559B,Tea Time Oven Glove,1.25,3152
20724,Red Retrospot Charlotte Bag,0.85,3151
22610,Pens Assorted Funny Face,0.85,3149
20996,Jazz Hearts Address Book,0.42,3149
22332,Skulls Party Bag + Sticker Set,1.65,3145
20754,Retro Red Spotty Washing Up Gloves,2.1,3140
85172,Hyacinth Bulb T-Light Candles,0.42,3133
21413,Periwinkle T-Light Holder,1.25,3126
17109C,Flower Fairy Incense Rose,1.69,3124
85178,Victorian Sewing Kit,1.25,3109
21592,Retro Spot  Cigar Box Matches,1.25,3108
21504,Skulls Greeting Card,0.42,3106
22661,Charlotte Bag Dolly Girl Design,0.85,3105
35957,Smallfolkart Bauble Christmas Dec,0.42,3099
22127,Party Cones Carnival Assorted,1.25,3094
72232,Feng Shui Pillar Candle,0.19,3085
21878,Pack Of 6 Sandcastle Flags Assorted,0.85,3072
22574,Heart Wooden Christmas Decoration,0.85,3050
22024,Rainy Ladies Birthday Card,0.42,3048
71053,White Metal Lantern,3.75,3043
22341,Love Garland Painted Zinc,1.65,3030
15039,Sandalwood Fan,0.85,3028
22818,Card Christmas Village,0.42,3013
22594,Christmas Gingham Tree,0.85,3005
22242,"Hook, 5 Hanger , Magic Toadstool",1.65,3001
85006,Set 4 Nursery Des Round Boxes,2.95,2994
21807,White Christmas Star Decoration,0.42,2994
22227,"Decoration, Hanging Heart+Mirror",0.65,2994
85014A,Black/Blue Dots Ruffled Umbrella,5.95,2970
22569,Feltcraft Cushion Butterfly,3.75,2966
22712,Card Dolly Girl,0.42,2964
79029,Glass Honeypot Wasp Catcher,1.95,2958
22584,Pack Of 6 Pannetone Gift Boxes,2.55,2958
21479,White Skull Hot Water Bottle,3.75,2954
21559,Strawberry Lunch Box With Cutlery,2.55,2953
22052,Vintage Caravan Gift Wrap,0.42,2950
21749,Large Red Spot Windmill,2.1,2945
22601,Christmas Retrospot Angel Wood,0.85,2943
22399,Magnets Pack Of 4 Childhood Memory,1.25,2940
21484,Chick Grey Hot Water Bottle,3.45,2934
22301,Coffee Mug Cat + Bird Design,2.55,2927
21080,Set/20 Red Retrospot Paper Napkins,0.85,2915
22273,Feltcraft Doll Molly,2.95,2899
21491,Set Of Three Vintage Gift Wraps,1.95,2896
22578,Wooden Star Christmas Scandinavian,0.85,2895
21907,I'M On Holiday Metal Sign,2.1,2891
35004C,Set Of 3 Coloured  Flying Ducks,5.45,2890
21380,Wooden Happy Birthday Garland,2.95,2889
85217,Assorted Ice Cream Fridge Magnets,0.65,2875
22644,Ceramic Cherry Cake Money Bank,1.45,2872
21218,Red Spotty Biscuit Tin,3.75,2872
22596,Christmas Star Wish List Chalkboard,0.85,2869
47591D,Pink Fairy Cake Childrens Apron,1.95,2869
21243,Pink  Spotty Plate,1.69,2867
51014A,"Feather Pen,Hot Pink",0.85,2858
21108,Fairy Cake Flannel Assorted Colour,2.55,2852
